ID,BlendProperty1,BlendProperty2,BlendProperty3,BlendProperty4,BlendProperty5,BlendProperty6,BlendProperty7,BlendProperty8,BlendProperty9,BlendProperty10
1,0.041500837,0.22549951,0.60652685,0.3392333,0.3224754,0.61009043,0.64852214,0.34835148,-0.35723925,0.17883748
2,-0.60534346,-0.52956235,-1.2359712,-0.11984767,-0.72879595,-0.10064752,-1.2364805,-1.3010159,-0.5348448,0.02186053
3,1.476848,0.91789377,0.9293531,1.066652,1.9185295,1.423904,0.9099489,1.8846096,0.30004382,2.1353326
4,-0.13484675,0.36874947,0.63026994,0.11531157,1.940447,-0.10359015,0.56487685,1.1152271,0.647402,-0.7298432
5,-0.082943566,-0.64171934,1.0488421,0.28930616,2.3142102,0.06757455,1.0542067,0.24715489,-0.6706653,0.8971484
6,-1.3587434,-1.660635,0.30130154,-1.4125453,0.005228454,-1.4444339,0.23774023,-0.11907672,-0.7705282,0.116647944
7,0.7116396,0.46125242,-0.07620765,0.15140492,-0.13654383,0.43018278,-0.15670463,0.14165145,1.12771,0.24372731
8,1.8755034,1.0541154,0.5615182,1.1307377,-1.4797491,1.3074801,0.6439183,0.7194676,1.5458639,0.4226568
9,1.2181498,1.1653508,0.9739979,1.68868,-0.5513916,1.2343997,0.86196387,0.2059361,0.8429577,0.6621692
10,-0.90481085,-0.94670206,-1.9270957,-0.59535116,-1.1149899,-0.47481674,-1.9881636,-0.04463185,-0.7079689,-1.3700986
11,-0.07891608,0.5037101,0.87548935,0.3979598,1.6682156,-0.14918765,0.7243022,-0.17799643,-0.52562594,0.86807925
12,0.99229556,0.47829953,0.77942336,-0.21883157,1.035334,0.30322617,0.7611592,0.65432733,-0.33419457,0.84238774
13,0.69697845,0.013018129,0.8572071,0.28660244,-1.350392,1.775701,0.93414336,0.75542825,0.9233988,1.6677254
14,-0.6884543,0.62271965,0.52091324,-0.672097,2.2374976,-0.5006256,0.5352931,0.22976099,-1.0434233,-0.4498965
15,0.7997778,1.9680508,0.5828055,1.6105471,-0.21639906,0.5270623,0.61986613,0.98231304,0.79752666,-0.66415733
16,-0.20690063,-0.7411502,0.72387195,-0.5204695,0.49639452,-0.9007061,0.6838476,0.11596454,-1.2770437,0.22520055
17,-1.2057389,-0.99560815,-0.17867015,-1.4391416,-0.6225329,0.1450333,-0.13401139,-0.69146895,-0.1988897,-1.001871
18,-0.17008746,-0.15505642,0.38648745,-0.3327071,0.05095473,-0.1760268,0.47106528,1.0698637,-0.26557612,-0.7495368
19,0.2511595,-0.19927327,0.8089526,-0.5056147,1.8635703,-0.9810278,0.8011094,1.2893666,-1.3050673,1.3095018
20,-0.30558187,-1.2911532,0.51433635,-0.9711599,-0.7435768,-0.6993862,0.48043123,0.29556474,-1.0882515,-1.5823013
21,-0.17432943,-2.0983245,0.4017296,-0.81269413,1.8364298,-1.6473712,0.39643365,0.39175984,-0.7404911,0.6004027
22,0.3244795,0.8394795,0.062232833,1.3031541,1.2217762,1.6183528,0.1501591,0.6093271,0.3655863,1.4334161
23,1.2613922,1.360153,1.0143244,1.0489836,1.4871738,0.21115978,0.93250823,0.8855479,0.29463497,1.3680849
24,0.16349688,0.57881707,0.36338133,0.3186942,-0.98304963,0.14253724,0.22239174,-0.238757,-0.162233,0.20660661
25,-1.1614676,-0.8540335,-0.05421273,-0.68372744,-0.5602608,-0.2602722,-0.095091864,-1.0059358,-0.09267452,0.01836359
26,-0.4675692,-0.25998697,0.36181447,-0.6271556,-0.15033776,0.07358153,0.45058542,-0.7577727,0.10484992,-1.158857
27,1.0436122,0.62163204,-0.07690894,1.339248,-1.3560394,0.24917491,-0.02468639,0.16398725,0.5892882,-1.0279695
28,0.1588976,-0.60675305,-0.27960536,-0.66589695,-1.1691709,-0.34659377,-0.29890975,-0.83715576,0.8495825,0.7161385
29,-0.9189906,-1.2593502,-0.037416313,-0.7090301,-0.4187168,-0.77583116,-0.12245377,-0.955925,-0.6057719,0.17972648
30,0.24646305,0.50127786,-0.6710325,-0.5622265,-1.7030616,0.47131068,-0.5163064,-0.71979326,0.20383964,-1.3151637
31,-1.1391417,-0.39276552,0.18665606,-0.50859106,1.0451031,-0.8951125,0.196396,0.045569412,-1.8313676,0.4403721
32,-1.1339402,-0.47936383,-0.10315121,-1.0200741,0.41584104,-1.3973727,-0.055712167,-0.44493714,-0.8424418,0.12833028
33,0.63417304,0.5590916,-0.582834,0.48754883,0.14810336,-0.3165334,-0.443507,0.16450216,0.3306888,-0.3351759
34,0.9099207,0.8893552,0.28471228,0.24191938,-0.9395841,0.3965255,0.1628158,1.2820195,-0.16620581,-0.53788733
35,-0.735402,-1.1409072,-0.117256686,-0.92129767,0.08752056,-0.35232106,-0.10228032,-0.9651041,-1.584108,0.24264322
36,1.3288491,0.35707018,0.4562477,0.6503213,0.81355274,0.56642306,0.4914882,1.0254899,-0.36083347,0.720604
37,-0.10965038,-0.05517026,-0.73346955,-0.055164244,-1.1672275,0.2805374,-0.6710894,-0.1762841,1.5980108,-0.28451058
38,0.38485652,0.7508684,0.38932267,1.210263,0.3632649,0.6009163,0.30797946,0.11499784,0.9820981,-0.7448406
39,-1.665433,-1.3882507,-0.14179717,-1.4932507,0.25347307,-0.0071744905,-0.26990393,-1.4205295,-0.84812117,0.18181868
40,-0.07769678,0.85353994,0.7173386,-0.5194033,-0.10051791,0.21632414,0.5653989,-0.18808025,0.41494948,-0.6606352
41,1.7117969,1.2885813,1.3816593,1.3700693,2.1345508,1.8812776,1.48754,1.2460272,0.98001283,1.5988449
42,1.8111584,0.5418553,0.9591977,0.58532304,-1.196881,0.6309075,1.0245001,0.93498605,1.2338094,2.091576
43,-1.6150277,-0.33233863,-0.9242166,-1.0623531,-0.50614554,-0.36430514,-1.0299683,-1.4617369,-0.8984532,-1.1564386
44,1.2701883,0.3202215,0.25780913,1.0014937,-0.33748072,0.47808293,0.24528594,1.4925992,0.36354288,-0.08111299
45,-0.5583131,-0.6216721,0.09009927,-1.4683952,1.8414595,-1.3566132,-0.060657654,-0.25212654,-1.3960505,0.54049
46,0.6604756,0.9254847,0.530266,0.6645344,0.72953653,0.5920322,0.6744494,0.5237869,0.79603857,-0.67643726
47,-1.4412099,-1.7770554,-0.8136222,-1.3523723,-0.060998853,-1.7479651,-0.8166006,-1.3106362,-1.7222158,-0.26073483
48,-0.2856052,-0.064446375,-0.55035824,-0.082717836,-0.4532627,-0.422043,-0.51992494,-0.05302063,0.8198219,-0.46768463
49,-0.29517445,-0.77308774,0.48418605,-0.15201242,-0.85328484,-0.29167315,0.38735485,-0.17780654,-1.305079,0.12565055
50,-1.5957366,-1.2173244,-2.1951475,-0.810791,-0.49416143,-1.3120413,-2.0344086,-1.5979111,-1.6973398,-1.6973652
51,1.6105372,0.62095755,1.6429142,0.5663883,1.9363898,-0.5021552,1.8912706,-0.08876883,-0.34891328,1.9085135
52,0.15587601,0.8946702,1.2150075,-0.14741343,1.0574933,1.248631,1.5001705,0.71954244,0.70048124,-0.87243325
53,-0.13578075,-0.062289577,-0.36677182,-0.62414956,0.013592785,-0.49640724,-0.4496223,0.27584228,0.47620693,0.12106655
54,1.378019,0.77701503,0.21161875,0.6790728,0.64612454,-0.048904747,0.104563706,0.82989657,-0.5146679,1.9290718
55,0.40102145,0.5271323,0.50772554,0.24013466,-0.13843544,0.8449379,0.52626556,0.045690436,0.59867114,-0.29502884
56,0.79136115,0.04827302,0.30589914,0.1696192,-0.1378543,0.6714095,0.47965398,0.7563347,-0.23985238,-0.95313406
57,0.033916198,0.16993429,0.43909577,0.09819662,-0.21235624,1.0570927,0.43785718,-0.0085228775,0.3619349,0.61234486
58,-1.5567933,-0.8371332,0.5278353,-0.25574255,1.3589355,-0.6366683,0.5406738,-0.5624086,-1.714632,0.116605744
59,-0.23702931,0.2807227,0.4419454,0.87555516,-1.1544273,-0.2805851,0.3238851,-0.14749451,0.5599668,-1.7791554
60,-0.9322968,-1.6346495,0.1800907,-1.4906995,1.5675774,-0.8990028,0.297359,-0.86168814,-0.8638391,0.80660546
61,-0.35351834,0.044064276,-1.88467,-0.8272788,0.040093917,-0.43183756,-1.8946798,-0.7701871,-0.36155593,-1.1204003
62,0.13781108,-0.8896493,-0.06485837,-0.4585758,-0.9047204,0.5506189,-0.11418174,-0.61958796,0.8956008,-0.762505
63,1.26125,0.35147908,0.6279414,1.3013183,-0.22404774,1.1235459,0.6207738,0.8821902,1.0708454,1.1358341
64,-0.37514982,-0.5048171,0.61442,-0.7336146,0.83505857,-0.9348016,0.54959023,-0.09447955,-0.9424084,-0.035749737
65,-0.44231814,-0.45738435,0.97374666,-1.2309008,0.3433545,1.235741,1.064802,0.7861068,0.7396758,-0.87211245
66,0.3881266,-0.2709003,-0.1510004,-0.6750078,0.6764771,0.28863588,-0.22718523,-0.37356284,0.38876414,-0.18261051
67,1.0863674,1.5148841,0.79942423,0.36045107,-0.14858034,1.3260019,0.6507105,1.418975,0.7376367,0.77015585
68,-0.61683446,-0.7361781,-0.8384946,0.34298515,-0.97887313,-0.6240922,-0.77480465,0.2287469,-0.67198545,-0.763145
69,1.3492154,1.3411342,0.47717288,0.91120166,-0.48150545,-0.08259943,0.49867144,1.0518311,-0.055777166,1.6171981
70,-0.18897735,-0.21069305,0.28719854,-0.30321902,-0.30723354,-0.80142695,0.27668917,-0.6148776,0.25744936,0.701783
71,-0.20886478,-0.24354008,-0.0696652,-0.54490167,-0.7737635,-0.64555275,-0.085729696,-0.4718606,-0.5295501,0.8067784
72,0.64365304,0.23631385,0.10341847,0.7212584,0.24525642,1.1270301,0.16059288,0.47202763,0.46679342,-0.79392314
73,0.53317803,0.5525945,1.5506493,-0.5409632,2.6323063,0.973885,1.6098405,0.42918843,-0.017435592,1.319239
74,1.3841834,0.8552912,1.0677513,1.0294702,1.4368314,0.3377662,1.1057879,0.8610936,0.41579634,2.0910876
75,1.0956612,0.7914536,-0.0005449043,0.8539675,-0.5492504,0.17221594,-0.1275418,0.6935441,0.62988347,0.43143278
76,-0.4660388,-0.11565022,-0.27227074,-0.10542165,-0.29333496,0.4021132,-0.2678675,-0.16568214,0.025884658,-0.85629076
77,-0.5465662,0.009356841,0.52809334,-0.53806067,-1.1264216,-0.39913955,0.6201049,-0.44491884,-0.5817846,-0.82663554
78,0.5847698,0.9889273,0.87838846,0.3571295,0.940019,1.8440068,0.7936771,1.859031,0.34375384,-0.5216244
79,0.8308848,0.9117127,0.43261072,1.1997186,-0.6010859,0.4713344,0.26754573,0.8363061,0.86410385,-0.091155365
80,0.59114635,0.48680973,-1.2565634,0.19088848,-0.7124491,0.3778557,-1.3781543,-0.21518646,1.536483,0.7204158
81,-0.26437733,0.66254544,0.98097235,-0.07448444,-0.44847512,-0.4495648,0.9976406,0.8965511,-0.06268302,1.2239642
82,1.4875748,1.0717583,0.85238856,-0.04097686,0.324194,0.9049588,0.90289044,0.5393282,0.18069021,-0.459256
83,-0.36853448,-0.24204728,0.6295243,-0.7035773,-0.728949,-0.06863029,0.5590562,0.06353683,-0.32423759,0.46831277
84,0.8346956,0.37184456,1.1843733,0.84883124,-0.49842054,1.3471589,1.298034,1.5657812,-0.32668686,0.41800848
85,-0.34448746,-0.36774004,-1.3814844,-1.1271539,0.036472593,-1.7256434,-1.3601283,-1.264804,-0.92532444,-0.14980698
86,0.13589647,-0.7576987,0.69298273,-0.1888448,1.1877435,-0.14991635,0.8069051,0.190624,-1.9100071,0.6848279
87,-0.7647667,-0.9377733,0.81225985,-0.9168788,0.07250763,0.43477035,0.78937995,-0.64256305,-0.53155553,-1.2856947
88,-0.62823,-0.13683666,0.3472325,-0.64227897,-0.9690608,-0.51958734,0.27535826,0.05270841,-0.7953631,-0.31661642
89,-0.18286279,-0.41827077,0.60805976,-0.36180186,-0.47690296,-0.6557901,0.54354835,-0.8234809,-0.59243,-0.5399729
90,0.2602332,-0.5902932,0.71015215,-0.033135585,1.945129,-0.68031704,0.68041146,0.063619696,-1.1162959,0.6882093
91,-0.23131117,-0.5381417,-0.21072195,-0.19109045,-0.8641259,0.024171514,-0.22704093,-0.03493494,1.1592821,-1.3306329
92,-1.3255786,-0.17114863,0.4188669,-0.6966434,-0.4675468,-0.70575947,0.452146,-1.2499019,-1.1319652,-0.55436313
93,0.40044928,-0.69796664,1.3163611,0.8115169,0.75552,-0.05840179,1.2566725,0.6634207,-0.06395515,1.0161673
94,1.7649741,0.8050948,0.62691504,0.84946096,-0.99669063,0.68074816,0.6577085,0.8602776,0.9886959,1.9527413
95,0.95760214,0.8158989,-0.2186647,0.7043294,-0.20804685,0.9921015,-0.22261207,0.44846022,1.5952867,-0.8032206
96,-1.3047783,-1.0238178,0.068661444,-1.4424027,0.69179225,-1.8080388,0.018731313,-0.12625554,-1.5039089,0.067879006
97,0.17092827,0.083939776,0.10299012,-0.029711964,-0.08561534,-0.117280416,0.18503611,-0.24145229,0.15461098,-0.67230654
98,-0.67537355,-0.31663337,0.26733997,-0.8957408,-0.97056407,-1.1555318,0.28528178,-0.30397835,-0.3027515,0.14864871
99,0.055341948,0.2342196,-1.4511659,0.06924698,-0.02172418,-1.0746311,-1.5479136,-0.58943295,0.25517634,-0.804653
100,-0.48494178,-0.5050604,-0.28814885,0.4720543,0.702484,-0.18117152,-0.29700157,-0.26234838,-0.43078515,-0.5283756
101,-1.298307,-1.7487321,-1.7408175,-1.0607337,0.46379822,-0.767733,-1.738906,-1.85162,-1.2109201,-0.45880696
102,-0.62961614,-0.81044066,-0.44905466,-0.5994615,-0.823045,-0.010502574,-0.28856945,-0.50489914,0.18904239,0.13891059
103,-1.8328948,-1.330277,-1.155971,-1.104699,-0.8742267,-1.1038307,-1.0395406,-1.3750528,-1.0012592,-1.3399216
104,-1.068681,-1.252492,0.82763255,-0.20418635,0.88213634,-0.123525806,0.897912,-0.52527606,-0.10885346,0.120050885
105,0.55286014,0.27685255,0.9650017,0.41828895,0.1278432,-0.034257334,1.0275954,0.56196547,-0.7962267,0.58623534
106,0.3690862,0.87666285,-1.8936386,0.108233035,-1.4954065,0.27928042,-1.9091532,-0.948381,1.675371,-0.7205749
107,-0.58732605,-0.807497,0.046137556,0.09837697,0.27451414,-0.12087818,0.09299008,-0.024173522,0.17380074,-1.0837848
108,-0.8140213,-0.026547795,0.00735009,-0.73448515,-0.79057086,0.3573229,3.9675782e-05,-0.38704145,-1.0050917,0.061795615
109,0.24625552,-0.047301132,0.6507207,-0.1649063,0.6108985,-0.49872765,0.5146385,0.06634986,-1.1816533,0.7793243
110,0.6150247,0.44374096,-0.6950208,0.7893684,-0.42415345,0.44152528,-0.6480193,-0.47200212,1.0547928,-0.6329184
111,-0.013547827,-0.19647248,1.3877207,0.32031417,1.0329947,-0.41139936,1.3334494,0.5770556,0.066136755,1.1528287
112,0.7052178,0.3430764,0.3129824,-0.16836822,-0.3019244,0.22507249,0.447623,0.8174839,0.6622123,1.3356391
113,0.13438816,-0.27000767,-0.075515024,0.3262291,0.15585569,-0.43908024,-0.19564682,-0.091028556,-0.13388988,-0.76676214
114,-0.19616431,-0.7802657,-0.7749366,-0.75562245,-0.77913636,-0.26105925,-0.74695665,-1.5022804,-0.12220476,-0.2786508
115,0.84761393,0.23000611,-1.2407548,0.70256525,-0.37960666,1.0649202,-1.1416222,-0.069773205,0.48000175,-0.36661175
116,-0.49274486,-0.31913713,-0.84562147,-0.31719497,0.3521016,-1.1820642,-0.76038706,-0.39060068,0.2930185,-0.9611429
117,-0.10370692,-0.3322206,-1.7188123,-0.78282845,-0.795894,-0.18783763,-1.6670899,-0.9699466,-0.36254,-0.5811814
118,0.101084314,-0.15085247,0.6908101,-0.38245404,2.0773582,0.61723316,0.66111726,-0.20684017,0.5096767,-0.44321564
119,-0.3199322,-0.56672025,-2.0938203,0.15221745,-1.6038872,0.38741767,-2.0883267,-0.8202704,1.0558457,-1.4171549
120,0.94906294,0.43232527,0.2836028,0.9868194,0.26579747,0.5250008,0.31735453,0.6438392,-0.24496764,0.5627092
121,0.062984936,0.24626805,-0.011813684,0.24046431,-1.025499,1.2097287,-0.03191828,0.5250245,0.80039185,0.015074612
122,-0.53098756,-0.8911223,0.4326944,-0.9101714,-0.14849435,-1.0723885,0.2870682,-0.62007236,-0.3706675,0.6248131
123,0.3016309,-0.31562856,0.009130641,0.35241383,-0.14328368,0.3923092,-0.12782955,0.37289023,0.42538384,-1.161166
124,-0.59988284,-0.7572872,-1.220626,-1.0387888,0.14973287,-0.9880368,-1.2663869,-0.7603876,-0.62648517,-1.1327692
125,-1.8743864,-1.803376,-2.2136853,-1.8158247,-0.15637888,-1.9162354,-2.2711003,-1.421563,-0.9461367,-0.37617028
126,0.85269976,1.1853164,-0.011130757,0.35875124,0.36290905,0.73359424,-0.0047389087,0.13273263,0.512334,0.38157558
127,-0.95610845,-1.4795296,0.768384,-0.1976472,2.268792,-1.5490953,0.7273183,0.33575302,-1.2407771,0.17492129
128,0.3159034,0.5418827,-0.8751299,0.68229467,-1.2752731,-0.7185858,-0.9315996,-0.36478692,1.146694,-1.0246462
129,-0.13692588,-0.72759634,-0.052438624,-0.5773276,1.9261845,0.13472803,0.049999375,-0.51062244,-1.2374122,0.20063777
130,1.2753744,1.4056163,1.3206068,2.2716007,1.4711298,1.5213661,1.520477,1.2250197,0.4221102,0.15247807
131,1.8495668,1.3085601,0.7625293,1.5796349,2.4071195,1.3379747,0.7777365,1.8640058,0.9329815,0.029723048
132,1.4503506,1.312024,0.7045621,2.1465127,-0.867321,0.89846474,0.7801512,1.7252715,1.5120058,-0.08026321
133,0.51656693,1.2129592,-0.83627933,1.3780844,-0.5223856,0.40544584,-0.8305778,-0.30451807,0.41066623,-1.2159365
134,-0.9772541,-1.9799852,0.045070782,-0.8167615,1.4092085,-0.7518936,0.023709884,-0.43223232,-0.10624687,0.34942514
135,-0.36680272,-0.09021974,-1.3522452,0.25635535,-1.2613863,0.5635312,-1.3905519,0.23730929,0.4353438,-0.33335277
136,0.41726175,-0.17233858,-0.16160172,0.16623682,0.8526477,0.25713798,-0.1567206,0.34061444,0.63880205,0.25339797
137,-0.34810075,-0.5722897,0.3359768,-1.1813599,0.70778686,-0.34486827,0.29929173,-0.31754875,-1.5957046,0.71341515
138,1.5656643,0.11207225,0.25780344,1.4016156,0.14350012,0.35717237,0.31900746,0.021495247,0.6941834,1.5757369
139,0.038262766,-0.7018077,0.36980435,0.19311407,1.8325981,-0.75457186,0.2357056,-0.2360199,-1.1468017,-0.33606374
140,-0.7337015,-0.1743767,0.81730616,-0.6318508,-0.09331941,0.9700308,0.8474648,0.69691354,0.5028636,-0.23447432
141,0.51320016,0.41772947,-0.9126784,0.17534299,-0.2768132,-0.44010913,-0.7512553,-0.11769841,-0.37618026,-1.0065769
142,-1.3127671,-0.52130955,-2.1519573,-0.813966,-0.8810851,-0.4156112,-2.0373423,-0.6513566,0.027927924,-0.28884736
143,0.83888817,1.0053568,0.73944765,0.89634866,-0.91154057,0.3428161,0.6701333,0.975419,0.81918055,1.1323149
144,0.021628326,-0.1658111,-0.12971771,0.20304407,0.41484857,0.060878452,-0.10525274,0.8272151,-0.45250055,-0.40197703
145,0.799264,1.0480521,0.6685206,0.62481517,0.018219598,0.93931323,0.6631533,0.31828496,1.2559606,2.0616543
146,0.19286543,0.9735554,0.22920462,0.20398025,-0.53553647,1.627306,0.27408132,0.46029255,0.5773702,-0.15809019
147,0.3029104,0.5749795,-0.015255847,-0.33057165,-0.15529269,0.12012068,0.19576254,-0.40097132,0.08382346,-0.15810446
148,1.3253603,1.0382472,-0.36125085,1.2246264,-0.14452542,1.0123867,-0.30089593,1.130228,0.8093774,0.23741855
149,-1.4857574,-1.229989,-1.5159091,-1.2971342,8.2930324e-05,-1.7721702,-1.6393249,-1.4657395,-0.25097805,-0.23793428
150,1.00745,1.2708598,-0.41380098,0.10155047,-0.47782725,0.7453824,-0.24210511,0.3572353,0.87243825,-0.5918296
151,-1.184116,-0.5107493,0.10321118,-1.2293415,0.658257,-1.4698725,-0.020863663,-1.1101695,-0.6540706,0.22882937
152,-0.9729056,0.072273545,0.07325553,-0.633024,-0.24000084,0.19437437,-0.0143496925,-0.6352883,-1.4984494,-0.79437155
153,-0.2316378,0.24014549,-0.8610801,-0.5108797,-0.45481566,-0.17136127,-0.9310677,-0.86436754,-1.1114802,0.8897168
154,1.3680925,0.57131,0.6375904,1.1253109,-0.29733872,1.1580209,0.5619653,1.3524841,1.9243283,0.29206365
155,0.9575052,0.293672,0.6592551,0.3633077,-0.83743864,0.529875,0.62166166,1.0416651,0.24751487,0.70907366
156,0.97286505,0.46760157,-0.63875026,0.49873737,-1.3270314,0.110877685,-0.7201685,0.15973464,1.4768652,0.46566096
157,0.019819163,-0.45687276,-0.20033641,-0.15519448,0.43789262,-0.745665,-0.26025316,0.22135343,0.053056564,0.967165
158,-0.7332441,-0.6222657,-0.16782686,-0.2585583,0.084976874,-0.18756248,-0.22644489,-0.3841803,0.5125024,-0.02348174
159,0.10529277,-0.13662468,-0.0069358665,0.011716455,0.61100787,0.27598932,-0.1660855,0.69676256,0.3240159,-0.51717603
160,0.5090969,0.26264614,0.4637578,0.024895288,-1.1043279,0.31506795,0.5137641,-0.21179047,-1.0694567,-0.5652563
161,0.68248206,0.3186261,-1.6204952,0.41108125,-0.40242767,0.14425957,-1.5914239,-0.8686168,1.3296747,-1.1608723
162,0.9202284,1.5619009,0.33499908,0.82092863,-0.4584692,1.0628403,0.3919382,0.9442652,1.2736243,1.7393092
163,-0.5329656,-0.6333436,0.3149268,0.032265037,1.735027,-0.95412,0.3025902,0.501356,-1.8865218,0.586063
164,0.5278824,-0.2500668,-1.3076209,0.67405224,-0.1822006,-0.53794104,-1.3647506,0.10660035,-0.0989457,-1.0706762
165,-0.70104504,-0.72381043,-0.6174616,-0.57897073,-0.35869077,0.008390163,-0.6859393,-0.8589414,-0.69246745,-1.1567363
166,-1.0212232,-1.1730852,-0.13940567,-1.0805699,0.1746501,-0.29073322,-0.106126815,-0.08221035,-0.26767612,-1.40273
167,-0.41970837,-0.40234956,1.4046844,-0.028909644,2.155498,-0.65330666,1.5606524,0.2093521,-1.5159506,0.25065032
168,0.12340028,-0.23895085,0.49323484,-0.81462,-0.11085283,0.596624,0.32208514,-0.33119896,-0.33020702,-0.01600166
169,0.25871506,0.08871603,-2.5517657,0.11466339,-0.67952377,-0.018863248,-2.473767,-0.4252339,0.47593534,-1.438773
170,0.1686426,1.4853038,0.74324596,0.9765986,-0.45517227,0.3359187,0.68471164,0.7439201,0.24458227,-0.4604781
171,0.104374014,-0.24462897,-0.31232265,0.1250239,-0.7072017,0.56638557,-0.26327476,0.12924765,0.22264807,-0.92540336
172,0.22459653,-0.12985791,-0.4459209,0.35792786,-0.2026772,0.36017153,-0.4156352,-0.6052491,-0.48356393,-1.2229791
173,-0.932291,-0.43109345,0.31733316,-0.39211342,1.4714777,-0.844107,0.33805016,0.27469024,-0.6445072,-0.48000032
174,-0.5732469,0.45491365,1.4867476,0.6996568,2.1973033,0.037871096,1.6324569,-0.5488358,-0.96234816,0.76033807
175,-0.51170117,-0.73722214,0.80496335,0.13547792,-0.5732038,0.031779,0.8323899,0.15488136,0.25938633,0.523646
176,0.9540981,1.3824437,1.3139828,0.84468335,2.105348,1.0302908,1.2800189,1.4786922,0.87824947,1.8034785
177,0.3242167,0.3025519,-0.11369892,0.2806441,-0.29038343,-1.0058993,0.08112041,0.1784248,-0.61434627,1.0948007
178,0.9851265,0.026689868,0.5693304,0.86164653,-0.52767867,0.8042623,0.48997325,1.0709751,1.1621473,0.96443176
179,-0.688992,-0.8334333,0.7035685,-0.8920022,0.54339933,-0.9879412,0.62044996,-0.12919353,-0.5888702,-0.011745856
180,0.19620143,0.44606036,0.1724414,0.5333501,-0.20070532,-0.6468103,0.22819106,0.12319922,-0.6190106,1.4922085
181,0.22570916,0.46021506,1.3662647,0.91746557,1.6779023,0.81576616,1.448944,0.90022886,0.37595403,-0.2525849
182,0.16027127,0.17622297,-1.0287399,-0.08177,-0.162293,-0.27180868,-0.8975555,0.08198475,0.091024086,0.28192562
183,0.8533298,0.8906491,1.0341431,0.9107701,-0.39224735,1.2755331,0.85502744,1.4667218,0.21792307,1.7092897
184,-0.72717124,0.021261698,1.5199951,0.44285306,2.7643368,-0.6199856,1.6459953,1.1980371,-0.11639132,0.45334646
185,1.4559125,1.150616,-0.044106644,0.7056626,-0.9958169,0.00021505688,-0.09554288,-0.09147203,-0.20270294,1.6614243
186,-0.3968008,-0.459908,0.34810427,-0.6138838,0.101770654,0.39889163,0.3024793,0.18840747,0.21020126,-0.08908441
187,0.7783694,0.3242606,1.3310153,1.1682367,0.046271693,0.6150856,1.3134689,1.129985,-0.097274795,1.0298693
188,-0.43738547,0.15416473,-1.1180744,-0.7059336,-0.37727305,-0.6187358,-1.2723416,-0.60088193,0.7268608,-1.3471893
189,-1.2360471,-1.3019295,-0.28120553,-1.1848058,-0.46381575,-1.1942332,-0.28165054,-1.3833191,-0.9620415,-0.6572782
190,-1.4294251,-1.2609853,-2.078988,-0.6825804,0.2054393,-0.9712137,-1.9828438,-1.6348367,-0.9891352,-0.85594714
191,0.9561144,0.07571203,1.2657585,1.0069743,-1.2365191,1.3641638,1.3616331,1.0570608,1.3058605,-0.493734
192,2.0327072,1.064322,1.4037337,0.8417075,1.9180493,0.4810608,1.4172411,2.0764306,0.8791732,2.006409
193,0.2067824,0.78305686,1.2052655,0.65661293,2.015137,0.59016037,1.2196816,1.5339513,1.2928201,-0.091076165
194,1.1176499,0.12292657,0.22497208,0.3526682,-0.16451278,0.30817688,0.2099373,-0.22094534,0.8538151,1.0134333
195,-0.2413756,-1.1180601,0.19918701,-0.93526,1.3834856,-0.5443149,0.2042019,0.020007644,-0.5708949,0.44913718
196,1.0171868,0.64415246,1.3613329,1.0092734,-0.4505418,1.1430166,1.6652203,1.3177298,0.25055888,0.2591893
197,-0.7812682,-0.112016015,-1.9210129,-0.9908965,0.16049369,-0.62793136,-2.004017,-0.69387543,-0.96738535,-1.4335065
198,0.81575954,0.6601319,1.0845393,0.98094386,-0.47371578,0.90753496,0.9053164,1.2462424,0.7346589,1.6630602
199,-1.8807455,-1.3838226,-1.3748106,-1.2081935,-0.35412273,-1.3481519,-1.3167815,-1.3353295,-0.7460591,-0.27788863
200,-0.14382465,-0.22823384,0.14313538,-0.5056679,-0.59569454,-0.5490202,0.13316192,0.01577312,-0.62584263,0.46250072
201,-1.4356434,-0.7566156,-1.8462522,-1.621564,-0.4628589,-1.6536528,-1.8365552,-1.3328232,-0.21704344,-1.5249294
202,1.4013401,0.4973455,0.6364549,0.8343631,-1.0060045,1.9747887,0.7073181,0.72872114,1.4577953,2.028212
203,1.0746403,1.4048537,-0.040547743,0.8727744,-0.24291345,0.0803962,-0.08093581,0.74062264,1.0252517,1.7728035
204,2.028681,2.048393,1.1776694,0.7407908,1.1431589,1.10777,1.2175065,0.67383516,-0.06892647,0.17425121
205,-0.8576283,-1.6617953,0.2669954,-1.4826825,0.896588,-0.23227118,0.24732663,-1.1931219,-0.34575504,0.36128992
206,1.6218503,0.82937247,1.0638232,1.4431078,-0.4916439,0.6063877,1.1713214,1.0147712,0.40772322,1.8222536
207,1.3192738,0.59054184,0.011589174,0.6523577,0.0101333335,-0.32939932,0.10113365,1.3874063,-0.2576973,1.6851784
208,0.8555238,1.254689,0.32589418,1.2073032,-0.43643373,1.3544381,0.31728286,1.4768022,0.5603109,-0.67362773
209,-1.2487378,-1.0557412,-0.5194608,-1.3693814,0.024534617,-0.6210247,-0.41994384,-0.31064457,-0.9963118,0.48592728
210,-0.54697293,-0.6411987,0.6053985,0.4242714,1.5583786,-0.1243591,0.6156998,0.8556147,-0.64246607,0.48428175
211,0.2834052,0.46108347,-0.39201495,0.43679398,-0.4017452,0.20344417,-0.4266682,0.42823935,1.0630115,0.8519417
212,-0.02400597,-0.36073926,0.32256803,0.44957247,-0.7203735,-0.86370677,0.28842834,0.25960314,-0.16170251,-0.5147369
213,-0.38036418,-0.11832069,1.0754925,-0.7515266,2.2871928,-0.3669236,1.0546846,0.5883058,-0.2687311,-0.684823
214,-0.016755791,-0.055886358,1.0159594,0.20645821,1.3256444,-0.3978118,0.992031,-0.23486471,-0.05218596,-0.1480278
215,-0.24203771,-0.0634365,-0.3917764,-0.20780104,-0.07320801,-0.29952627,-0.36696237,-0.927454,0.6781851,0.9598614
216,0.69049007,1.9722191,1.2774576,1.3242763,1.9128263,1.4891115,1.4371638,1.3102138,1.3716794,-0.5523588
217,1.4445746,1.8060062,1.4557023,0.6865683,2.1447418,0.74960005,1.500214,1.1620451,1.5119929,0.30716962
218,0.22873457,0.05541808,0.7395528,-0.096531965,1.1501083,0.47323328,0.76442826,1.503003,0.3117118,-0.67891806
219,-1.5473611,-2.1525593,-0.71760297,-1.4775186,-0.4805764,-1.9485458,-0.66762245,-1.548783,-1.1172545,0.09931443
220,1.3398377,1.4186434,0.8702042,0.31440365,-0.54145074,1.2612346,0.73645556,0.17158283,1.2973925,-1.0486156
221,-0.059977967,-0.19513609,-0.8028158,-0.18591335,-0.21960276,0.25784644,-0.8840584,-0.7065247,1.1793778,-0.6942089
222,-0.6565799,-1.0948126,0.9861158,-0.2842161,1.0832784,0.19367893,0.86865944,0.39621246,0.033020996,0.44956067
223,0.18820886,-0.6494065,0.69291615,0.16569073,1.4323218,0.09377288,0.6169794,-0.07055816,-0.0035513802,0.45965523
224,0.39174417,-0.009844303,0.82003665,0.6649202,2.0931795,0.8749526,0.7930048,0.37622997,1.193553,0.76252395
225,-0.93455946,-0.060848057,0.42894837,-0.58598983,-0.29854313,-0.3592109,0.4222328,0.41393363,-0.17160198,-0.37781098
226,0.15267608,-0.33281764,0.96768403,-0.09274715,-0.38495892,-0.6509869,0.9892861,-0.9108633,-0.6877608,-1.1057476
227,1.459717,0.533896,0.3959686,1.0891856,1.7725885,1.4644732,0.4490158,1.0179374,0.77584225,-0.76573414
228,-0.024032285,-0.53998756,0.74922913,-0.40568784,-0.78893846,-0.53582555,0.6616255,0.14471506,-0.5783394,-0.36793184
229,-0.79563594,-0.16585504,0.2944571,-1.2609086,-0.89137393,0.12046409,0.33218774,-1.4232529,-0.66403973,0.07276099
230,0.19746353,0.65455914,1.1223993,0.36712316,-1.108246,0.0154361315,1.1066059,1.5061548,-0.49099225,-0.84166974
231,0.11549292,0.5401478,-1.9360509,-0.6881042,-1.3669415,0.13278024,-1.9286622,-0.80837655,-0.25141335,-1.3130324
232,0.26854748,-0.29726195,-1.6919582,-0.1659858,-0.98648626,-0.29960844,-1.6532911,-0.54790306,-0.43453646,-0.834437
233,0.90814596,1.701572,0.634707,1.3210553,-0.6155825,0.74932575,0.63258964,0.71438146,1.063721,0.90006655
234,-1.1877874,-0.40173385,-1.6827018,-1.3999076,0.51970595,-0.8289263,-1.583038,-1.2170906,-0.25282,-1.5596493
235,-1.3063008,-1.6886842,-0.7997129,-0.9963636,0.74646914,-1.5530809,-1.1273218,-1.152735,-1.5417746,0.01627771
236,0.3681519,0.9158073,-0.4324731,1.3932561,0.2865544,1.4555645,-0.54298514,0.9699859,1.2962195,-0.5303186
237,-0.07646693,-0.48877862,0.5635026,0.6341504,0.41860902,0.25771335,0.7951759,-0.06086053,-0.048641138,-0.22883336
238,1.3447454,1.0193634,1.1306832,1.8436111,0.6268018,0.6318051,0.9833528,1.0795592,1.4152904,2.0519238
239,-0.59767693,-0.66805464,-1.219017,0.1565175,-0.4179281,-1.2327214,-1.2073771,-0.90144885,-0.85935426,-0.9700281
240,1.462043,1.8625721,0.87311184,1.5908465,-0.3923908,0.831481,0.84427166,1.4172131,0.5986083,-0.06804139
241,-0.830913,0.11718779,-1.2528559,0.21781768,-0.98401535,-0.7549264,-1.3631853,-0.09501877,0.018853726,0.016965555
242,-0.84760576,-0.0248494,0.2533126,-0.0034164558,-0.32726043,0.30120337,0.13884124,-0.10291281,0.32567316,-0.65339726
243,-0.2662543,1.2130069,0.34253004,0.01777341,0.23274973,0.48494437,0.36432874,0.648675,0.568534,-0.7939083
244,0.8584935,0.9067618,0.059148442,0.48588026,-0.19190052,0.22980854,0.092146575,0.4977488,0.3529693,-0.27631897
245,1.3930603,0.82932657,0.087306745,1.0328695,-1.3483399,0.8055836,0.23046948,0.5120661,1.3676014,1.1359344
246,-1.1501076,-0.5077887,-1.3418471,-0.18528683,-0.967183,-0.4809135,-1.4006803,-1.2718393,-0.39120543,-1.4840776
247,-0.006095679,-0.75897104,0.780367,-0.24302194,0.17682089,0.10178065,0.8482635,0.7411897,-0.62269825,1.1284927
248,-0.65327215,-0.8539223,0.2781802,-0.95026636,0.22097829,-0.16816568,0.21655402,-0.41709557,-0.594114,0.8048855
249,1.0142713,1.5871998,0.40294316,0.9695963,-0.38403502,0.10898349,0.34049174,-0.2927325,1.0456554,1.7847943
250,0.99958754,1.4819036,0.76694584,2.069288,-0.49237844,0.29702,0.6973859,1.1184262,-0.08160889,1.9020126
251,-1.3451928,-2.176349,-0.35067055,-1.1888578,-0.25464445,-1.5353194,-0.4123443,-1.0275685,-0.22934324,-0.111746795
252,-0.67903847,0.020681834,0.1977486,0.016180774,0.39569622,-0.5539721,0.11367035,-0.37817964,-0.35779732,-0.7724324
253,1.5405043,2.0025847,0.4834337,1.3315723,1.9023154,1.8469123,0.40711775,2.0454855,1.2954367,0.4331004
254,-0.0149709415,-0.19208534,0.44118023,0.5884587,1.2474344,0.6907646,0.30072245,-0.7822268,-0.41673127,0.28840554
255,-1.5712258,-1.8543605,-1.0008947,-1.2056531,-1.0583563,-0.791408,-0.9919594,-1.6721462,-0.8517569,0.22162223
256,0.400376,0.43233028,0.96005607,0.10984513,0.37833315,0.80534476,0.96665746,0.12610926,0.74644977,-0.83850825
257,1.352606,1.2082648,0.80024666,2.0349538,-0.06170934,1.053272,0.79769695,1.2101163,1.2014414,2.1345294
258,1.2253622,0.9249902,0.30646858,1.5275742,-0.3572264,0.6453132,0.33826527,1.1576889,0.7278095,0.47466344
259,0.59396446,0.35187447,0.514051,1.0024014,0.15156868,-0.08553591,0.42227527,0.40331507,0.60896796,-0.5469773
260,-1.0083952,-0.48895502,-1.4462675,0.0541024,-0.51117826,-0.5813905,-1.4387552,-0.7857553,0.17877051,-1.3554316
261,0.08784383,1.4878747,1.2416314,0.14438945,1.3621445,1.9995133,1.4311475,1.5348496,1.5479778,-0.9383861
262,-0.1605082,-0.506147,-0.52838284,0.27544308,0.51893044,0.22486521,-0.73189634,-0.33075985,0.61453986,-0.8971346
263,0.42573828,0.74474674,0.69063485,1.5101644,-0.60445213,0.5731348,0.6291286,2.3448243,-0.010481868,0.5763494
264,-1.1771163,0.14334144,-0.091241784,-0.3008687,-0.6850584,-0.84055316,-0.1568593,-0.6853512,0.16952488,-1.1338632
265,-0.050273024,0.77011603,1.189234,-0.3700433,1.4512053,-0.32197633,1.3218708,0.6844436,-0.50263375,-0.07736967
266,1.2531122,1.3624753,1.1329846,1.4219899,1.9530125,1.1872108,1.1062871,1.5464079,1.1501496,-0.151736
267,0.8323977,0.93981105,0.6116646,1.1169524,0.48652664,1.3109915,0.6109263,0.54253644,1.1342136,-0.21556497
268,-1.5513679,-0.8449376,-0.21829747,-1.3289737,-0.35436982,-1.5918814,-0.23845929,-0.52179104,-0.9881744,-0.31513736
269,-0.2489363,-0.2478181,0.5844545,-0.080432534,1.3955309,0.88334227,0.5235434,0.6568346,-0.5037852,0.73003054
270,-0.73894006,-0.3568142,0.7241046,-0.98549694,1.7963301,0.30023167,0.60838705,-0.07987334,0.30299103,0.5580032
271,-0.15254687,-0.3409822,-0.11754781,0.060870245,0.47274145,0.46308267,-0.20494841,0.9581963,-0.16935396,-0.061199002
272,0.91209495,0.43038738,0.58731323,1.0962558,-1.62401,0.0615157,0.5629668,0.27466384,0.5174407,0.031533055
273,1.3562315,0.805734,0.99136466,1.3465189,0.42065534,1.1616206,1.0974375,0.9223789,-0.16419291,2.2624385
274,1.0380102,1.4251606,1.1133988,2.0576847,-0.72619337,0.18943138,1.1660515,0.5092322,0.3005235,1.5372387
275,0.17661472,0.11414962,0.6287883,0.87237847,1.5308274,0.78589714,0.7642272,0.5262541,0.5054462,-0.45916283
276,1.1792159,1.2185516,1.5509156,1.0879942,0.18810213,0.75893027,1.6802667,1.6305778,-0.18799643,1.2186844
277,0.550152,0.63465106,-0.77644235,0.44614384,-0.8164363,-0.9067914,-0.89827377,-0.38198486,0.22302976,0.15011184
278,-1.6742735,-1.4988177,-1.8489621,-0.921514,-1.1174077,-0.39024588,-1.7826583,-1.4191787,-0.17542876,-1.4937798
279,1.3056484,0.7345558,0.28051126,1.4505682,-0.45034912,0.84550726,0.4897315,1.3819362,1.2666396,0.22159518
280,1.0501969,0.3440997,0.18578885,1.2231809,0.4239382,0.8711164,0.1469723,-0.078778334,1.5243027,0.33879754
281,-0.33596113,0.08220085,-2.1714618,-0.5977427,-0.15896787,0.37770873,-2.1772542,-1.3130729,1.3310664,-0.98954195
282,0.01475583,0.29948646,-1.4416558,-0.38472167,-0.5198556,0.17442736,-1.5317395,-0.6891289,0.7431884,-1.3435608
283,-0.33114573,-0.39630643,0.030807136,-0.17637238,0.09536287,0.37313762,0.0858537,-0.83044195,-1.145198,0.10046106
284,-1.1705723,-1.4857134,-0.38598087,-1.4349083,0.004321412,-1.3196396,-0.50840235,-1.0933559,-1.0101686,-0.067058615
285,0.48225996,0.3243231,-0.76874214,1.5389129,0.25381473,0.6466531,-0.6911393,0.35189304,0.755764,-1.0196551
286,-1.313715,-1.5434502,-1.3786849,-1.378117,-1.6485686,-1.5718255,-1.4252309,-0.92173505,-1.5880508,-0.44057688
287,0.26293403,0.111327045,-2.0050757,0.5014857,-1.3607123,-0.122343324,-2.026353,-0.7858653,1.4688329,-1.2772554
288,1.7800311,2.1619084,0.520702,1.9756801,2.040952,1.1749169,0.42323133,1.1917648,1.3867611,0.5495212
289,-0.92697626,-0.6957682,-1.5103627,-0.71572435,0.27432355,-0.67433447,-1.540055,-0.5724061,0.60802734,-1.1109434
290,-0.95591146,-1.4967902,-0.34249437,-0.9338895,-0.15619957,-0.54957676,-0.25885198,-0.8788756,-0.24821223,0.49177253
291,-0.7729203,0.21004106,0.30315405,0.05873844,-0.83239937,-0.4987197,0.29622427,-0.58813685,-1.4135349,0.9329594
292,0.9726684,0.17013018,0.093919,-0.06922329,0.5423656,-0.12536645,0.11190121,0.9983531,0.09542547,1.3560297
293,-0.57727945,-0.14952719,-0.11572862,-1.1130011,0.012165927,-1.0111243,-0.31333432,-0.27571416,-0.50713617,0.24000825
294,0.75073165,0.85365766,-0.5448347,0.48083022,-0.044399798,0.65711284,-0.45227426,0.016486377,1.1201348,-0.46227393
295,-1.0454633,-0.42433608,-1.466568,-0.4940833,-0.9819215,-1.4076985,-1.6336724,-1.2110966,-0.70417345,-1.4662857
296,-1.5349984,-1.3494865,-1.0304878,-1.6144181,-0.47457755,-0.1747309,-0.9808323,-1.4232775,-0.60885876,-0.06245968
297,-0.9770293,0.013232021,-1.0930772,-0.27972925,0.11461763,-0.5655346,-1.2672256,-0.8583597,-0.24010515,0.3803323
298,0.21940637,0.09840996,-0.89743227,0.055538975,-0.38728788,0.25932464,-0.89148206,0.022045802,0.77716947,-0.98658156
299,0.45087886,0.04703834,1.2694968,0.44310272,2.2977188,0.40855423,1.1824065,0.7517167,-0.62585604,0.43378648
300,-0.7628479,-1.227908,-0.75058556,-1.4453545,-0.9298445,-1.3403672,-0.66952693,-0.27458373,-0.9194188,-0.5359789
301,0.13469458,0.4485069,-1.4626982,0.66418797,-0.70172334,0.510936,-1.6568984,-0.2941782,0.49466276,-1.4209943
302,0.6857961,0.8953898,1.4080943,0.058981374,1.7449635,0.5820197,1.4944594,0.24390587,0.3166042,0.83060277
303,-0.32442197,-0.639399,0.5890118,-0.52589315,1.8322012,0.060780138,0.6091939,0.10426726,-0.3180559,0.48292467
304,0.6147425,1.2243235,0.38099232,0.09869358,0.1188652,0.80640954,0.4340416,0.8425818,0.37184745,0.53815407
305,0.50691533,0.5934754,0.7400129,1.3280702,2.0638893,0.7740012,0.7444867,0.7861076,1.1615833,-0.9194996
306,0.23977594,-0.2540432,0.6191133,0.66330117,-1.443053,0.002830634,0.530356,0.05388252,-0.85149086,0.9412652
307,-0.45170438,-1.385897,0.79114485,-0.7371338,1.2146634,-0.23830503,0.7841544,0.4079307,0.17622276,0.7998046
308,0.94797325,1.4725887,0.8300593,0.44199064,-0.17587905,1.0004429,0.8564619,1.7432376,0.86782503,-0.5071152
309,-0.052228693,0.7721827,1.3666581,-0.21082337,-0.95106393,-0.45397034,1.7163632,0.043652188,-0.69604856,1.6069494
310,0.4164165,0.7537338,-0.47004372,-0.045417655,-0.13970344,0.3207272,-0.4317651,0.5587086,0.16304569,-0.7622539
311,1.0652571,-0.027959086,0.5442234,0.7861145,-0.08211124,1.0565888,0.5203975,0.067881525,0.17601262,-0.3288393
312,-0.14941546,-0.8347754,-1.2473555,-0.041343443,-0.5723231,0.09462545,-1.3993913,-0.7940079,-0.49497098,0.22861779
313,0.38821194,0.16215514,-1.2797377,0.07091794,-1.0406303,-0.4156302,-1.3339657,-0.32743758,-0.33742806,-1.0536007
314,0.7726229,-0.23507504,-0.29590687,1.327778,0.3297067,-0.2865138,-0.30160797,0.13593708,0.6463299,0.6901349
315,0.23375696,0.44330826,-1.5405667,-0.067378715,-0.36517087,0.54636,-1.5283289,0.8912569,1.2525783,-0.65393335
316,-1.2375944,-1.1607872,-0.4044084,-0.9808991,-0.8202115,-0.52800316,-0.36433777,-0.9792209,-0.28403878,-0.81275624
317,-1.0807136,-0.75587493,-1.8385267,-0.8104902,-0.0809889,-1.1876125,-1.8214117,-1.2935705,-1.3216811,-0.92675227
318,-0.31291506,-0.881575,-1.4394718,-0.6021415,-0.8482682,-0.6354099,-1.4928105,-0.28665203,0.34110975,-0.09976023
319,-0.061706804,-0.050086785,-0.009576266,0.4009687,-0.612583,-0.27879405,-0.01819905,0.6566611,-0.2925765,-0.09518099
320,-0.4705073,-1.1971194,-0.19507979,-1.054771,0.35657808,-0.75083745,-0.1420147,-0.2729674,-1.0782216,0.11531759
321,0.46669975,0.55771726,0.84745574,-0.13342972,0.9698636,0.12886305,0.820932,0.35718775,-0.37019038,0.6608847
322,0.745823,2.162347,0.43197834,1.1497878,0.09999325,1.076697,0.55898076,0.94760364,0.57106614,-0.36554655
323,0.50776637,1.1036584,0.5038599,0.93088186,-0.33574712,0.0031800058,0.35844934,0.40980846,0.89971745,1.5601133
324,1.1642022,0.57404244,0.8892567,1.4567195,-1.2518579,0.17198828,0.9105306,1.0272837,0.20284182,1.7112523
325,-1.0470237,-1.964617,-0.056530643,-0.8637759,-0.3179162,-1.4500523,-0.04562064,-1.0783978,-1.1048203,0.29651025
326,-0.9102507,0.20018539,0.82360595,-0.93669736,-1.0318584,-1.0337766,0.723947,-0.751242,-0.8285905,0.76189756
327,-0.45819706,-0.37630874,1.083497,-0.11012083,-0.444184,-0.9700404,1.0474635,0.9727183,-0.35986558,-0.23569635
328,-0.63658744,-0.8310747,-0.22444497,-0.56856,-0.04179731,-0.43948117,-0.29993844,-0.012693878,0.085016094,-0.4565839
329,0.013685437,1.0231836,0.6082035,0.49543008,1.967026,1.9323318,0.5453972,0.33311048,0.7039851,-0.30244824
330,-0.24665408,0.058056958,0.011467926,-0.27299204,-0.7135649,0.30788523,0.1703788,-0.14912488,-0.5602351,0.12920155
331,-0.67298156,-0.5513683,-0.6988476,-1.0466892,-0.25419888,-0.48935604,-0.76780236,-0.43236864,-0.5417326,-1.1829723
332,-0.88736904,-0.57937366,-0.76665515,-0.6191775,0.2730198,-0.67812645,-0.72814894,-1.0431176,-0.5959601,0.21555258
333,-0.4468527,0.3541671,0.7804594,-0.8313586,2.4454508,-1.1073531,0.6117213,1.3614771,-0.57058007,-0.07303875
334,0.91663724,1.3074015,0.8482297,1.4735731,0.071359776,0.47728172,0.96365696,0.410333,0.65764236,0.15057763
335,-0.58132225,0.55998397,0.9269488,-0.36695144,2.1502316,-0.37234238,0.87249225,-0.04539632,-0.8411602,-1.0079582
336,-0.035730988,0.6037685,-1.1805087,-0.6582588,-1.159152,-0.30953228,-1.1256567,-0.7422691,1.0156513,-1.1423258
337,1.3812329,0.465026,1.4466727,1.2257569,1.8918141,1.3739872,1.447065,1.278871,0.5904669,2.0608954
338,-1.1605463,-0.6588739,0.555697,-0.6877285,-0.75496197,-0.8632966,0.54815227,-0.627653,-0.158091,0.21667619
339,-0.76437175,-0.18678948,-0.8522176,-0.47046444,0.4839757,0.061697986,-0.8270241,-0.15796529,0.7248713,-0.92292434
340,0.574589,0.041930955,0.80114627,0.77004755,1.0081434,0.6291395,0.76825655,0.33734658,0.005594507,0.1627419
341,-0.10633676,-1.0465869,0.8020494,-0.3946456,1.6956124,0.07524552,0.79280716,-0.5345226,-0.5669401,0.12507951
342,-1.4001294,-1.1617947,-2.4380283,-0.6449903,-1.2356298,-0.94453555,-2.4846215,-1.4536511,-0.85997933,-1.6689967
343,1.4671261,-0.055096947,1.0364044,0.28484443,-0.7398933,0.9539745,0.9642339,0.012580409,-0.4790304,1.262758
344,-0.4303609,-0.689521,-0.950879,-0.76375234,-0.9139406,0.5640385,-0.85283023,-0.32301396,-0.50687164,-1.0052841
345,-0.40406147,-0.18403372,-0.046705075,-0.61447823,0.020565124,0.4072968,-0.13066217,-0.4651004,-0.8344179,0.013783061
346,-1.3242594,-1.6124158,-1.7383311,-1.6274918,0.23732522,-2.0627642,-1.742531,-1.5406018,-1.572256,-1.2709007
347,0.32275972,0.8893329,0.7610036,1.098497,0.20617828,0.25681317,0.7251995,0.8098384,0.378115,0.14136106
348,0.81429183,0.61287606,-0.11693772,-0.12593645,0.74923736,0.41457674,-0.10629596,1.26783,0.03429227,-0.8731798
349,0.0823003,0.39533383,-1.7943466,-0.43392137,-0.58712673,-0.41248736,-1.7781738,-0.6651478,1.7288786,-1.2087281
350,0.24146275,-0.17847888,1.0852518,0.3203088,-1.1674075,0.47062635,0.8846086,0.7429681,-0.08266162,1.316393
351,0.719944,0.4185793,-0.26549667,0.29859465,-1.5018601,-0.10294231,-0.12028703,0.8638209,1.3478363,-0.818746
352,0.3365425,0.34844258,0.70777076,0.61415803,0.44949162,0.5111482,0.77550745,-0.4958481,0.7845411,0.99678886
353,0.3753453,0.81748074,-0.06965369,0.6688815,0.5775899,0.8385164,0.020876558,0.24889402,-0.2135282,1.5586683
354,0.007599208,1.3371518,1.1377869,1.4141054,1.1155083,-0.0013421439,1.0981456,1.3949047,0.12667418,-0.9119186
355,0.37945086,-0.6774977,0.45820543,-0.082385845,-0.537979,0.36322594,0.26542532,0.5317248,-0.71224105,1.0657387
356,0.55950814,-0.0054075466,-2.1046343,0.053998534,-1.5468308,0.50916684,-2.1986904,-0.48057893,1.2676554,0.64898443
357,0.4943434,0.66802466,0.3663543,0.6105276,-0.46960235,0.44413525,0.32255027,0.4574166,0.4599946,-0.264886
358,-0.19638303,-0.31309628,0.5265643,-1.0099018,0.3159311,-0.2882136,0.52934086,-0.089611635,0.08328293,0.08061184
359,0.44171765,0.14615777,0.07775184,0.10679962,-0.20874703,-0.2835337,0.029790172,-0.12180996,-0.066089496,-0.38313186
360,0.8899757,0.89642787,0.7455205,1.3457952,1.3864305,0.64526117,0.70512,0.7734126,0.33754313,1.2381157
361,0.7921464,0.48223674,0.6661212,0.3975743,-0.20629331,0.553017,0.61962277,1.2095205,-0.5605086,1.3355546
362,-1.0444363,-1.6630872,0.41493988,-1.2441276,-0.5520364,-0.59054035,0.46564984,-0.2323011,-0.955273,0.31336048
363,0.9570933,0.28096882,0.57289255,0.86083645,-0.25076258,0.96661043,0.5585291,0.37167615,0.0041311337,-1.0994805
364,-0.693695,1.1169459,1.3619285,-0.131242,2.1130254,0.50009745,1.367142,0.49269897,0.6199953,0.07658199
365,0.9144122,0.7010024,0.26778147,0.79018295,-0.17517544,0.8124969,0.15252127,-0.09921043,0.8941472,1.2438425
366,-0.50521225,-0.17069817,-0.015719013,-0.9969937,-0.628087,-0.4815069,-0.016221562,-0.5110646,-0.1946216,0.081057526
367,-1.0254532,-1.4693631,-1.4228289,-0.7898321,-0.3230432,-0.356181,-1.3317952,-1.4089108,-0.86652166,-0.74713707
368,0.6390343,0.5681302,-0.24579293,0.9792295,-0.5984216,0.91273737,-0.26021615,0.29666993,1.5042658,0.22490294
369,0.42025045,0.9521175,0.5322779,0.9261876,0.04138054,1.1039664,0.53613013,1.2355292,1.2234913,1.4915037
370,-0.17543276,-1.4282765,-0.049175844,-0.25836685,0.44990116,-0.60361445,-0.034364473,-0.27083805,-0.52217835,0.19662827
371,-1.4305795,-1.1749821,0.39554685,-0.902904,-0.1170352,-1.52639,0.19053772,-0.569352,-0.4499893,-0.67369896
372,-0.75734097,-1.0229769,0.4575048,-0.63833976,0.74321365,-0.7564127,0.5274042,-1.2589487,-0.5114355,-0.8136931
373,0.87531865,0.36656117,-0.8907362,0.98049885,-0.07600596,0.4567917,-1.0077538,0.050159607,1.0143726,1.5203564
374,0.25895846,0.20409866,0.6975758,0.58428806,-0.35167533,0.93163073,0.6623153,0.29075116,0.052486345,1.6383069
375,-0.7213231,-1.3104123,-0.4641529,-1.1401016,-0.585036,-1.1762416,-0.42777956,-1.1958293,-0.69339216,-1.4325258
376,1.1882195,0.5966863,1.0410324,0.6018509,2.055941,-0.17464991,0.9916531,0.86971676,-0.5176941,0.94634956
377,-0.42470798,0.07677024,0.13911086,-0.535452,-0.7754833,-0.33870175,0.2477579,-0.37467262,-0.059321992,-0.6856391
378,0.6114897,0.4073449,0.17572805,0.7193882,-0.48226747,0.82705474,0.15767716,0.092863865,1.4770195,-0.7872878
379,0.4371474,0.7008064,-0.8896294,1.5158753,-0.7726094,0.4819702,-0.970878,-0.064310655,1.5442556,-0.95941645
380,-1.4765894,-1.7760911,-1.7157351,-1.8480711,-0.22250529,-1.2264096,-1.8508495,-1.4350845,-1.5107569,-1.3671329
381,-0.9408159,-1.2211405,-1.2494167,-1.3016344,-0.91523445,-1.1396302,-1.2480733,-1.0040512,-1.2548388,-0.67729264
382,-0.17782594,-0.2841997,-0.92692477,-0.16095383,-0.85221297,0.26570714,-0.9409467,-0.8927099,-1.1146277,0.07579203
383,1.3241032,0.9348099,0.69576013,0.8259161,-1.6881882,0.5319851,0.63779575,0.48778832,-0.15385175,1.8986506
384,0.9161404,1.1757908,0.502536,-0.09759326,2.1129708,1.1492313,0.48426995,0.8649179,0.69834894,-0.90883476
385,0.5271729,0.98440456,1.2695245,0.837671,-0.34132677,1.01354,1.2057283,1.4124385,0.9185276,1.1174902
386,0.68803746,0.66559535,-1.0997483,0.95787865,-0.5736582,0.4289131,-0.99745494,0.44805261,0.57855153,-0.9626266
387,-0.48132625,-0.9454009,-0.19831729,-0.35207772,-0.4955849,-0.8376383,0.02392538,-0.77085704,0.32873884,0.29432535
388,-0.24955295,-0.32149488,0.9567962,-0.46013203,1.8952994,-0.45983958,1.1673278,0.52784294,-0.5045858,-0.058015216
389,-0.5749977,-0.45959735,-0.7924319,-0.66825056,-0.16429727,0.24994764,-0.85531145,-0.34969574,0.19074999,-1.1259036
390,1.3795998,1.5801933,0.74493647,0.8717844,-0.21800677,1.2961768,0.7095809,1.5549011,1.1701621,-0.9055713
391,1.0632246,1.0311794,0.5286938,-0.09756657,-0.9189944,1.7513711,0.5049609,1.3352698,1.0445108,-0.108150184
392,1.5741781,0.29617772,0.48623684,1.33187,-0.77911997,0.91767746,0.3207697,0.75683045,0.704554,1.5514909
393,0.7516186,0.605011,0.32141337,1.314315,-0.45994627,0.91192144,0.17794587,1.0382496,1.0767738,-1.2244918
394,-1.3446336,-1.1523448,0.40116888,-0.9371948,-0.9552101,0.07413422,0.53621143,-0.6079699,-0.45504072,0.356121
395,0.34826124,1.0690981,0.75826806,0.70123655,0.51951504,1.3225684,0.7883072,0.51573884,1.0141363,0.2462074
396,-0.46003798,-0.8578243,-0.32673407,-0.76511943,-0.49079856,-0.029938025,-0.34794968,-0.7249951,-0.06893072,0.14942329
397,-1.0284995,-0.8965179,-1.2312657,-0.9376386,-1.1293111,-1.2154882,-1.1851888,-0.35673025,-1.3272498,-1.124112
398,-0.35703698,0.20120974,-2.659592,-0.88972944,-0.37739486,-0.88693774,-2.63576,-1.4557576,-0.18758078,-0.9429835
399,-0.6472877,-0.56070787,-0.24996547,-0.45401525,0.22673006,-0.12526338,-0.32260764,-0.31754324,0.020528696,-1.5699024
400,-1.8084083,-1.4360182,-2.0451517,-1.3726983,-0.10014349,-1.8230361,-2.0435522,-1.4880924,-0.7219918,-0.21950164
401,-0.8073479,-1.7085625,0.43578696,-0.36801684,2.0996923,-1.4033082,0.45856407,-0.054243412,-2.3073368,0.13921222
402,0.58774364,1.2389895,0.72587216,0.7902168,1.1611434,-0.08032002,0.79560524,1.7968072,-0.16753292,0.023664461
403,1.520038,1.2498093,0.73694044,1.3314351,1.1532371,1.559755,0.83549577,0.95574,0.8095938,2.2036016
404,0.5604746,0.5537532,0.6640982,0.47530323,-0.31774002,-0.36435655,0.609415,0.7808662,-0.17379028,-0.10287124
405,-0.07509208,0.6909439,0.5546678,0.6631288,-1.3016484,0.28826946,0.55190986,0.23881938,-0.54163533,-1.0566552
406,0.016027804,0.15018106,0.25517118,0.92082655,-0.91560173,0.13491477,0.31309596,-0.008901789,-0.030933166,-1.1574881
407,0.7499423,-0.084804654,-0.016610792,0.4140314,-0.5449737,-0.006721486,-0.065207124,0.03826063,0.0787288,-1.2138124
408,-0.0006130673,-0.7714394,0.6173805,-0.4172388,1.2981564,-0.8172409,0.4605785,0.9087812,-0.21099876,0.4717691
409,-0.034897458,0.32806298,-1.0961329,-0.2691222,-0.5707608,0.57898664,-0.9908004,-0.3452701,-0.03482808,-0.62691385
410,0.44509178,-0.16960524,0.0089396415,0.11054272,-0.0693437,0.06606928,-0.16310528,-0.25952867,0.31878653,0.83726627
411,-1.5896678,-0.8688829,-0.38975823,-0.44433227,-0.60134554,-0.96656984,-0.5351324,-0.7572126,-1.0146825,-0.10720834
412,1.878005,1.196844,0.88784504,1.5179049,-0.8971587,0.66703653,0.9641766,0.5941741,1.3195585,0.045740884
413,-1.1885682,-0.9666728,-0.33132598,-1.2559446,-0.33205694,-0.35774538,-0.43095207,-0.8336357,-1.4356118,-1.3040662
414,-0.3468792,-0.52762467,0.8028997,0.09666986,-0.34885845,-0.6539943,0.77679694,-0.7232106,-0.38243836,0.6409021
415,1.9900231,1.7655398,1.4048193,1.9865013,-0.33401275,0.69462657,1.3956927,0.6547982,1.3902043,0.4581661
416,-0.751414,-1.0170492,0.13162267,-0.48672345,1.4812993,-1.1439195,0.14815359,-0.8257444,-0.6234911,0.49608314
417,0.92013806,0.5539487,-0.15291867,-0.11622193,1.9445887,0.49758178,-0.07325155,0.59561145,0.16132341,-0.5401693
418,0.6121988,0.56673074,-0.073229305,0.30202544,-0.5173217,0.28749236,-0.11715691,0.2670119,0.22846664,1.4047462
419,0.34136704,0.36289066,-0.009851038,0.38411742,-0.69879055,0.021571752,0.046138622,0.89197826,0.33204916,-0.5148692
420,1.5902222,1.0411754,0.90958714,0.18586096,2.0193243,-0.23058434,0.9303432,1.2566179,-0.45380855,-0.025511308
421,-1.2568595,-1.1954737,-1.2376623,-0.7943699,0.21188879,-0.9238,-1.1800245,-1.1189159,-0.10541765,-0.0035216226
422,-0.8646077,-1.204659,-0.13166766,-0.5996309,0.9996005,0.21126482,-0.15889521,-0.30273354,-0.9465028,0.55357206
423,-0.5271702,-0.024945205,0.95941466,0.4143893,1.147205,-0.16400525,1.1991626,1.5678864,-1.4760535,1.4739704
424,0.08737263,0.20135728,0.25474817,0.38394958,-1.0280509,-0.965341,0.26524782,0.38063356,-0.16240093,1.3893632
425,-0.6205941,-0.5651004,0.06694575,-0.053875938,-0.1041289,-0.045471516,0.07701033,-0.9819022,-0.66086304,-0.22421291
426,0.24971302,0.9324605,1.0842667,-0.119300075,1.7337732,0.24350351,1.1657386,0.2886089,0.79612595,1.0904485
427,0.25801283,0.93042314,0.4507922,0.1325575,-0.83138114,0.37782302,0.45418066,0.15673776,-0.291589,-1.1473143
428,0.39439797,-0.47016197,-1.721024,0.42515728,-0.39502862,0.35240808,-1.741935,-0.75649583,1.6439722,-0.6966271
429,0.5979719,0.30057263,-2.1002614,-0.5084525,-0.58302516,0.054574005,-2.0878284,-0.7275562,1.6617277,-1.1808513
430,1.2828534,0.989732,1.330852,1.2916118,0.50301075,0.44568205,1.3117858,0.9552098,1.0955993,2.5446975
431,-1.0394819,-1.0180379,-0.20903918,-0.6587877,-0.10349927,-0.32272014,-0.24280822,-1.2194641,-0.6423463,-0.22003967
432,0.23480442,-0.0396131,0.81821376,0.25421602,1.2902664,0.79107773,0.7336612,0.20110856,-0.75118864,-0.20699905
433,0.9980392,0.6183239,0.14611651,1.1930435,0.17138237,-0.013127579,0.032811686,0.18035446,0.8452761,0.6267559
434,-0.6809897,-0.6579705,-0.18595356,-0.15551336,0.05196269,0.058417104,-0.0042093503,-0.44899538,-1.2972438,0.62862927
435,-0.29829878,0.47108173,0.93644667,-0.37108114,2.5816894,0.66024935,0.9429845,-0.08207887,-1.6788142,0.40540147
436,0.77902365,1.2154257,0.21760896,0.7770583,0.060683716,0.51503843,0.10816703,0.60394335,1.2630863,-1.011479
437,-0.8167756,-0.9830899,0.21538994,-0.61309695,0.0476401,0.2644053,0.20260349,-0.038607277,-0.26205397,-0.3283975
438,-0.9509201,-0.80020756,-1.4812515,-1.37534,-1.1549617,-0.7091489,-1.3381721,-1.995312,-1.1905749,-0.7545359
439,-0.3728132,-0.49092394,-0.93585825,-0.29812366,-0.43080142,-0.5207553,-0.973111,-0.8929049,0.16274536,0.03394815
440,0.005727164,-0.17728296,0.21421047,-0.21679042,-0.9026621,-0.36965647,0.20355035,-0.24908277,0.42702103,-0.25946608
441,-1.3723623,-1.0669693,-1.8802301,-1.1483393,-0.232311,-0.71660006,-1.9199908,-1.3908786,-0.2181292,-1.3845539
442,0.83750844,1.525439,1.0131743,0.8410668,1.8910863,0.239079,1.0599926,1.0048128,0.11906788,1.1328101
443,0.32698795,0.62517667,0.32597643,0.8731935,-0.42219996,0.51688987,0.26437932,0.6961506,0.37334833,1.5166115
444,-0.039983362,-0.08268579,0.11663889,-0.015370281,-0.5818783,0.23624982,0.16144909,0.3428705,-0.026736408,-0.41442567
445,0.17897546,1.4662561,1.0335889,0.3570444,-0.22985044,-0.30518064,1.1083328,0.36550808,0.06830432,-1.382901
446,0.24327542,-0.33615005,0.64894813,-0.3658726,0.09941845,-0.8236397,0.6212338,0.4641651,-1.2670498,0.6286425
447,0.35551786,-0.09606739,1.1978455,-0.74034697,0.40102112,0.62589437,1.435893,0.5752678,0.13444063,-0.23956355
448,0.92910755,0.2720696,0.5918768,1.1029433,1.4840544,-0.48727778,0.6057174,1.2131726,0.06585675,0.5827709
449,0.8021355,0.47028556,0.8471984,1.0161921,0.7241188,-0.59411234,0.90902686,1.640798,-0.31087977,0.7340655
450,0.20930243,0.83314997,0.027179023,0.47545338,-1.0074463,-0.14886977,-0.008007256,0.88186496,-0.51892143,1.2485138
451,-1.3546679,-1.1530309,-0.10469859,-1.1821468,-0.49065912,-0.99113995,-0.14627643,-0.95361274,-0.80074507,-0.945128
452,0.18692058,0.44485283,-1.4759127,0.116074994,-0.7837861,0.095216915,-1.5025582,-0.060376324,-0.37527132,-0.8718874
453,1.3437204,1.2351379,0.813663,1.1330603,-1.6445432,0.6848093,0.8418896,1.1697743,0.77040243,0.5952006
454,1.4420074,0.26872385,0.32303435,0.6946887,0.2374958,1.5294316,0.36402845,1.4633768,0.2908782,-0.42599565
455,-1.7021004,-0.81249774,-1.0013057,-1.9038806,-0.12826344,-1.4760348,-1.0342118,-1.5733186,-0.65599185,-1.0588127
456,1.3555673,1.2271005,1.1726853,0.740241,-0.60559255,-0.010291821,1.2322686,0.6527882,0.5465475,1.7215068
457,-0.39893925,-0.042471293,0.26669213,-0.084463865,1.0455111,-0.29460105,0.23942731,-0.74024147,-0.93130845,0.45678344
458,-0.28444603,0.23480742,0.6784844,-0.3203993,0.4281972,-0.15345845,0.61519206,0.20679015,-0.11173769,0.4438238
459,-0.38081676,0.32046998,-0.18374841,-0.029400919,-0.19722137,-0.29871672,-0.145216,-0.1726717,1.1059269,0.048315715
460,-0.23812073,0.17517282,0.8672869,0.02621505,1.3035626,-0.1432863,0.86775833,0.19423302,0.018519334,1.156105
461,1.083686,0.15985058,0.5774353,0.58907723,-1.2129773,0.23835637,0.4109714,0.84286237,0.47595686,1.4354109
462,-0.8930884,-0.6308432,-1.2420174,0.061959814,0.3025948,-0.35744378,-1.4286928,-0.00066944957,0.1913905,-0.7407867
463,-1.1565212,-1.8226218,0.16595829,-0.84601384,0.36242884,-0.74303627,0.12460403,-0.20890617,0.14303422,0.65463984
464,-0.3906694,-0.34802654,-0.7406151,-0.5384414,-0.31748876,-0.35685956,-0.65269524,-0.5209048,0.13654338,-1.7589315
465,0.7151989,0.72851604,0.26231107,0.54924166,-0.15513334,-0.13056564,0.25335017,1.0628389,0.26424628,1.5293381
466,0.31100598,0.40777475,0.7290546,0.269612,1.3972238,-0.14335239,0.7469657,0.94026,0.09362585,1.2435528
467,0.051489435,-0.59171724,1.1301064,-0.3469932,-0.5940769,-0.11705391,1.1185904,1.242011,-0.37005594,0.0902919
468,-1.4769884,-1.5336275,-1.1624298,-1.1462231,-0.6389876,-1.2209895,-1.0992199,-1.1251442,-2.3086078,-0.17216209
469,0.7673158,0.49797633,-0.10035493,1.0031717,0.14178975,0.49596038,-0.16840884,0.3700004,0.21142486,-0.7967527
470,-0.1630217,-0.5367319,-1.3529536,0.29122373,-1.2644427,-0.11791958,-1.2893409,-0.48324886,-0.0757167,-1.338097
471,0.47948456,0.3113452,-0.30734742,0.12725109,-1.0834701,-0.61234254,-0.25002742,-0.057226833,0.5374309,-0.28687906
472,0.8753609,0.5025027,0.3622061,0.84144634,-0.723193,-0.33134955,0.15506637,-0.3490541,-0.17548107,1.3858771
473,0.12721692,0.5136325,-1.7772008,0.44088802,-0.20744252,-0.42906916,-1.847717,-0.98907816,-0.076738,-1.1083869
474,-0.14942841,0.298328,0.90287083,0.3442738,-0.23384005,-0.4568883,0.90722394,0.8055784,-0.28335664,-0.7594912
475,-0.30077273,0.3188163,0.41637558,0.25401372,-1.5951502,0.5254698,0.22072618,-0.6322493,-0.5599271,-0.5674543
476,-0.46056035,-0.041842055,-2.200422,-0.9062543,-0.36302033,-0.7823775,-2.0360732,-1.4369408,0.69590634,-0.9537439
477,-1.2489403,-0.72139984,0.54616505,-1.2517989,0.4421487,-0.23007683,0.53080595,-1.0491651,-0.6525617,-0.5866619
478,0.49888295,-0.20804529,0.10475046,0.004216656,-0.63415706,-0.8978182,-0.013596695,0.056455433,0.43720967,1.237733
479,-1.119761,-0.21919419,-0.8084434,-0.58568007,-1.434918,0.018048225,-0.568855,-1.0733296,0.10676654,-1.109661
480,-1.1458837,-1.4861522,-1.3970559,-1.7834558,-0.7542739,-1.4392478,-1.425095,-1.7839241,-1.0525308,-0.009396492
481,0.5996618,1.1092317,1.1292094,0.7451561,1.2455468,1.3830705,1.0630646,0.9197683,0.78533983,0.34956825
482,-0.8358229,-1.4588746,0.48714343,-0.13340583,1.7073774,-2.090781,0.4648375,0.47168905,-1.2989489,0.16612968
483,0.8076124,1.0227672,0.17924647,0.33951354,-0.7080375,0.59429324,0.096446775,-0.060723532,1.6016155,0.028953964
484,1.0643015,0.33049017,0.39547098,0.72463185,-0.9796253,0.5538162,0.48250306,0.9350021,0.115902536,0.18446192
485,-0.73243606,-0.4323543,-0.78102547,-0.8633144,-0.558873,-0.30935994,-0.9621797,-0.30977088,-0.5060924,-1.4551325
486,0.9455754,1.2986312,0.8142301,1.2040452,-0.7716055,1.2953916,0.9586223,0.37520644,0.8606043,0.24236138
487,0.71442544,0.21306458,0.7593454,-0.09940522,-0.5837478,0.2849294,0.8661863,1.2083992,0.0137577485,-0.105904
488,-0.77249914,-1.419225,-0.69441193,-0.99723274,0.23052287,-0.4380667,-0.8213331,-1.2071018,-1.2356285,-1.1901385
489,-0.9279885,-0.7214978,-0.12393131,-0.0131712025,-0.7116035,0.111877196,-0.08576312,-0.38004673,-1.1694355,-1.2847595
490,0.14189886,0.0074553774,0.5942629,0.43523532,0.18588698,0.49647734,0.68608975,-0.628853,0.27421632,-0.046921242
491,1.4803612,0.7617093,-0.0024835514,1.1115829,-1.707679,0.29743513,-0.08106556,0.7011787,0.32772383,1.3254431
492,-0.29047418,-0.29456383,0.17891775,-0.8525522,1.4770445,0.25451407,0.20122986,-0.8456237,-0.29588357,0.43462855
493,-0.016986359,-0.15206154,0.68789434,-0.54733914,-1.1193683,-0.7673343,0.87041485,0.6399965,-0.03183238,-0.51714367
494,0.98946285,0.5007427,-0.2719007,0.7285431,-0.43362507,0.9857918,-0.22389019,0.16801217,0.4499425,0.16035256
495,0.16037475,-0.6184358,0.70567316,-0.8833198,1.8751854,-0.005340263,0.6718258,0.337383,-0.5750936,1.1707234
496,0.05748667,-0.88816845,1.1849456,-0.20382167,-0.21707208,-0.54611564,1.1447242,-0.38735873,-1.362502,-0.3878751
497,-1.8911707,-1.0065384,-1.0539368,-1.8958508,-0.6044215,-1.921785,-0.99591357,-1.4638361,-0.7696303,-1.1374617
498,1.8372927,1.5967363,0.101682685,1.2282304,0.05935859,0.30910385,0.13174462,0.58234817,0.41995695,0.42348307
499,-0.04774374,0.16659892,1.4255939,-0.5785912,-0.7762278,0.073688045,1.7075335,0.48994046,-0.103774294,0.98444754
500,-0.8499163,-1.743917,-1.6508532,-1.5676486,-0.029323738,-1.8641826,-1.8081579,-1.8930498,-2.1983538,-0.07583327
